;x
AD;AND
AE;ARE
Aegypten;EGY
Aethiopien;ETH
AF;AFG
Afghanistan;AFG
AG;ATG
agypten;EGY
Ägypten;EGY
AI;AIA
AL;ALB
Aland Islands;ALA
Åland Islands;ALA
Albania;ALB
albanien;ALB
Algeria;DZA
algerien;DZA
AM;ARM
Amer Samoa;ASM
American Samoa;ASM
American_Samoa;ASM
Andorra;AND
Angola;AGO
Anguilla;AIA
antarctic fisheries;XXX
Antarctica;ATA
Antigua & Barbuda;ATG
Antigua and Barbuda;ATG
Antigua Barb;ATG
AO;AGO
AQ;ATA
aquatorialguinea;GNQ
äquatorialguinea;GNQ
AR;ARG
Argentina;ARG
Argentinien;ARG
Armenia;ARM
Armenien;ARM
Aruba;ABW
AS;ASM
aserbaidschan;AZE
AT;AUT
athiopien;ETH
Äthiopien;ETH
AU;AUS
AUSTRALI;AUS
Australia;AUS
Australien;AUS
Austria;AUT
AW;ABW
AX;ALA
AZ;AZE
Azerbaijan;AZE
BA;BIH
Bahamas;BHS
Bahamas_The;BHS
Bahrain;BHR
bangladesch;BGD
Bangladesh;BGD
Barbados;BRB
BB;BRB
BD;BGD
BE;BEL
Belarus;BLR
Belgien;BEL
Belgium;BEL
Belize;BLZ
Benin;BEN
Bermuda;BMU
BES Islands;BES
BF;BFA
BG;BGR
BH;BHR
Bhutan;BTN
BI;BDI
BJ;BEN
BL;BLM
BM;BMU
BN;BRN
BO;BOL
Bolivia;BOL
Bolivia (Plurinational State of);BOL
Bolivia (Plurinational State of) ;BOL
Bolivia, Plurinational State of;BOL
Bolivien;BOL
bonaire, saint eustatius, and saba;BES
Bonaire, Sint Eustatius and Saba;BES
Bosnia & Herzegovina;BIH
Bosnia and Herzegovina;BIH
Bosnia Herzg;BIH
Bosnia_and_Herzegovina;BIH
Bosnia-Herzegovina;BIH
BOSNIAHERZ;BIH
Bosnien und Herzegowina;BIH
Botsuana;BWA
Botswana;BWA
Bouvet Island;BVT
BQ;BES
BR;BRA
Br Virgin Is;VGB
Brasilien;BRA
Brazil;BRA
British Indian Ocean Territory;IOT
British Virgin Islands;VGB
Brunei;BRN
Brunei (darussalam);BRN
Brunei Darsm;BRN
Brunei Darussalam;BRN
BS;BHS
BT;BTN
Bulgaria;BGR
bulgarien;BGR
Burkina Faso;BFA
Burkina_Faso;BFA
Burma;MMR
Burundi;BDI
BV;BVT
BW;BWA
BY;BLR
Byelarus;BLR
BZ;BLZ
CA;CAN
Cabo Verde;CPV
Cambodia;KHM
Cameroon;CMR
Canada;CAN
Cape Verde;CPV
Cape_Verde;CPV
Cayman Is;CYM
Cayman Islands;CYM
Cayman_Islands;CYM
CC;CCK
CD;COD
Cent Afr Rep;CAF
Central African Rep.;CAF
Central African Republic;CAF
Central_African_Republic;CAF
CF;CAF
CG;COG
CH;CHE
Chad;TCD
Chile;CHL
China;CHN
China (mainland);CHN
China HK SAR;HKG
China Hong Kong SAR;HKG
China Mac SAR;MAC
China Macao SAR;MAC
China, Hong Kong SAR;HKG
China, Macao SAR;MAC
China, Taiwan Province of;TWN
ChinaTaipe;TWN
Chinese Taipei;TWN
Christmas Is;CXR
Christmas Island;CXR
CI;CIV
CK;COK
CL;CHL
CM;CMR
CN;CHN
CO;COL
Cocos (Keeling) Islands;CCK
Cocos Is;CCK
Colombia;COL
Comoros;COM
Congo;COG
Congo (DR);COD
Congo DR;COD
Congo Rep;COG
Congo_Brazzaville;COG
Congo, the Democratic Republic of the;COD
Congo, Democratic Republic of the;COD
CONGOREP;COD
Cook Is;COK
Cook Islands;COK
Cook_Islands;COK
Costa Rica;CRI
Costa_Rica;CRI
CostaRica;CRI
Cote d Ivoire;CIV
Cote d'Ivoire;CIV
Côte d'Ivoire;CIV
côte d‘ivoire;CIV
Cote d’Ivoire;CIV
Cote dIvoire;CIV
COTEIVOIRE;CIV
CR;CRI
Croatia;HRV
CU;CUB
Cuba;CUB
Curacao;CUW
Curaçao;CUW
CV;CPV
CW;CUW
CX;CXR
CY;CYP
Cyprus;CYP
CZ;CZE
Czech;CZE
Czech Rep.;CZE
Czech Republic;CZE
Czech_Republic;CZE
Czechia;CZE
czechoslovakia;CSK
Czechoslovakia;CSK
Czechoslovakia (former);CSK
danemark;DNK
dänemark;DNK
DE;DEU
Dem. People's Rep. of Korea;PRK
Dem. People's Republic of Korea;PRK
Dem. Republic Congo;COD
democratic people s republic of korea;PRK
Democratic People's Republic of Korea;PRK
Democratic Republic of Congo;COD
Democratic Republic of the Congo;COD
democratic republic of the congo (formerly zaire);COD
Democratic Republic of Timor-Leste;TLS
democratic republic of vietnam;XXX
Denmark;DNK
Deutschland;DEU
DJ;DJI
Djibouti;DJI
DK;DNK
DM;DMA
DO;DOM
Dominica;DMA
Dominican Rep;DOM
Dominican Rep.;DOM
Dominican Republic;DOM
Dominican_Republic;DOM
DOMINICANR;DOM
Dominika,Rep,;DOM
DR Congo;COD
DZ;DZA
east & west pakistan;XXX
East Timor;TLS
EC;ECU
Ecuador;ECU
EE;EST
EG;EGY
Egypt;EGY
Egypt (Arab Republic);EGY
EH;ESH
El Salvador;SLV
El_Salvador;SLV
ELSALVADOR;SLV
Eq Guinea;GNQ
EQGUINEA;GNQ
Equatorial Guinea;GNQ
Equatorial_Guinea;GNQ
ER;ERI
Eritrea;ERI
ES;ESP
Estonia;EST
Eswatini;SWZ
ET;ETH
Ethiopia;ETH
Ethiopia PDR;XET
faeroe islands;FRO
Falkland Islands (Malvinas);FLK
Falkland_Islands_or_Islas_Malvinas;FLK
falklandinseln (malwinen);FLK
Falklands Malv;FLK
Faroe Islands;FRO
Faroe_Islands;FRO
federal republic of germany;BRG
federated states of micronesia;FSM
Federated_States_of_Micronesia;FSM
federation of malaya-singapore;XXX
FI;FIN
Fiji;FJI
Fiji Islands;FJI
Finland;FIN
Finnland;FIN
FJ;FJI
FK;FLK
FM;FSM
FO;FRO
former democratic yemen;XXX
Former FSU;SUN
former german democratic republic;GDR
former panama canal zone;XXX
Former Soviet Union (if no detail);SUN
former yemen;XXX
Former Yugoslav Republic of Macedonia;MKD
Former Yugoslavia;YUG
Former Yugoslavia (if no detail);YUG
FR;FRA
Fr Guiana;GUF
Fr Polynesia;PYF
France;FRA
france (including monaco);XFR
Frankreich;FRA
french equatorial africa;XXX
French Guiana;GUF
French Guyana;GUF
french indo-china;XXX
French Polynesia;PYF
French Southern Territories;ATF
french west africa;XXX
French_Guiana;GUF
French_Polynesia;PYF
French_Southern_and_Antarctica_Lands;ATF
FSUND;SUN
FYR Macedonia;MKD
FYR of Macedonia;MKD
FYROM;MKD
GA;GAB
Gabon;GAB
Gabun;GAB
Gambia;GMB
Gambia_The;GMB
GB;GBR
GD;GRD
GE;GEO
Georgia;GEO
Georgien;GEO
Germany;DEU
GF;GUF
GG;GGY
GH;GHA
Ghana;GHA
GI;GIB
Gibraltar;GIB
Gilbert-Kiribati;KIR
GL;GRL
GM;GMB
GN;GIN
GP;GLP
GQ;GNQ
GR;GRC
Greece;GRC
Greenland;GRL
Grenada;GRD
Griechenland;GRC
Groenland;GRL
gronland;GRL
Grönland;GRL
GS;SGS
GT;GTM
GU;GUM
Guadeloupe;GLP
Guam;GUM
Guatemala;GTM
Guernsey;GGY
Guinea;GIN
guinea bissau;GNB
Guinea_Bissau;GNB
Guinea-Bissau;GNB
Guyana;GUY
GW;GNB
GY;GUY
Haiti;HTI
Heard Island and McDonald Islands;HMD
HK;HKG
HM;HMD
HN;HND
Holy See;VAT
Holy See (Vatican City State);VAT
Honduras;HND
Hong Kong;HKG
Hong Kong (China);HKG
Hong Kong SAR;HKG
Hong Kong Special Administrative Region of China;HKG
hong kong special adminstrative region of china;HKG
Hong Kong, Special Administrative Region of China;HKG
Hong Kong, China;HKG
Hong-Kong;HKG
HONGKONG;HKG
HR;HRV
HT;HTI
HU;HUN
Hungary;HUN
Iceland;ISL
ID;IDN
IE;IRL
IL;ISR
IM;IMN
IN;IND
India;IND
Indien;IND
Indonesia;IDN
Indonesien;IDN
IO;IOT
IQ;IRQ
IR;IRN
Irak;IRQ
Iran;IRN
Iran (Islamic Republic of);IRN
Iran (Islamic Republic);IRN
Iran IR;IRN
Iran, Islamic Republic of;IRN
iran, islamische republik;IRN
Iraq;IRQ
Ireland;IRL
irland;IRL
IS;ISL
Islamic Republic of Iran;IRN
Island;ISL
Isle of Man;IMN
Israel;ISR
IT;ITA
Italien;ITA
Italy;ITA
italy (including san marino);XIT
ivory coast;CIV
Ivory_Coast;CIV
Jamaica;JAM
Japan;JPN
japan (excluding the ruyuku islands);XXX
JE;JEY
jemen;YEM
Jersey;JEY
JM;JAM
JO;JOR
Jordan;JOR
jordanien;JOR
JP;JPN
Kambodscha;KHM
Kamerun;CMR
Kanada;CAN
Kasachstan;KAZ
katar;QAT
Kazakhstan;KAZ
KE;KEN
Kenya;KEN
KG;KGZ
KH;KHM
KI;KIR
Kirgisien;KGZ
kirgisistan;KGZ
Kiribati;KIR
KM;COM
KN;KNA
Kolumbien;COL
Kongo;COD
kongo, demokratische republik;COD
kongo, republik;COG
Korea;KOR
Korea (DPR);PRK
Korea (North);PRK
Korea (South);KOR
Korea DPR;PRK
Korea DPR (North);PRK
Korea Rep;KOR
Korea Republic;KOR
Korea RO (South);KOR
Korea, Democratic People's Republic of;PRK
Korea, Demokratische Volksrepublik;PRK
Korea, Republic of;KOR
korea, republik;KOR
Korea, south;KOR
KOREADPR;PRK
Kosovo;KOS
KP;PRK
KR;KOR
kroatien;HRV
kuba;CUB
Kuwait;KWT
kuwaiti oil fires;XXX
Kuweit;KWT
KW;KWT
KY;CYM
Kyrgyz Rep.;KGZ
Kyrgyz Republic;KGZ
Kyrgyzstan;KGZ
KZ;KAZ
LA;LAO
Lao;LAO
Lao PDR;LAO
lao people s democratic republic;LAO
Lao People's Democratic Republic;LAO
Laos;LAO
Laos (PDR);LAO
laos, demokratische volksrepublik;LAO
Latvia;LVA
LB;LBN
LC;LCA
Lebanon;LBN
leeward islands;XXX
Lesotho;LSO
LI;LIE
libanon;LBN
Liberia;LBR
Libya;LBY
Libya/SPLAJ;LBY
Libyan Arab Jamahiriya;LBY
libyan arab jamahiriyah;LBY
libysch-arabische dschamahirija;LBY
Liechtenstein;LIE
litauen;LTU
Lithuania;LTU
LK;LKA
LR;LBR
LS;LSO
LT;LTU
LU;LUX
LUXEMBOU;LUX
Luxembourg;LUX
LV;LVA
LY;LBY
MA;MAR
Macao;MAC
Macao Special Administrative Region of China;MAC
Macao, Special Administrative Region of China;MAC
Macau;MAC
macau special adminstrative region of china;MAC
Macedonia;MKD
Macedonia (FYROM);MKD
Macedonia, the former Yugoslav Republic of;MKD
Madagascar;MDG
Madagaskar;MDG
Malawi;MWI
Malaysia;MYS
Maldives;MDV
Mali;MLI
Malta;MLT
marokko;MAR
Marshall Is;MHL
Marshall Islands;MHL
Marshall_Islands;MHL
Martinique;MTQ
mauretanien;MRT
Mauritania;MRT
Mauritius;MUS
Mayotte;MYT
MC;MCO
MD;MDA
ME;MNE
Mexico;MEX
Mexiko;MEX
MF;MAF
MG;MDG
MH;MHL
Micronesia;FSM
Micronesia (Federated States of);FSM
Micronesia, Federated States of;FSM
MK;MKD
ML;MLI
MM;MMR
MN;MNG
MO;MAC
moldau, republik;MDA
Moldova;MDA
Moldova Rep;MDA
Moldova Republic of;MDA
Moldova, Republic of;MDA
Monaco;MCO
Mongolei;MNG
Mongolia;MNG
Montenegro;MNE
Montenegro;SCG
Montserrat;MSR
Morocco;MAR
Mosambik;MOZ
Mozambique;MOZ
MP;MNP
MQ;MTQ
MR;MRT
MS;MSR
MT;MLT
MU;MUS
MV;MDV
MW;MWI
MX;MEX
MY;MYS
Myanmar;MMR
Myanmar (ex Burma);MMR
myanmar (formerly burma);MMR
Myanmar_or_Burma;MMR
MZ;MOZ
NA;NAM
Namibia;NAM
Nauru;NRU
NC;NCL
NE;NER
Nepal;NPL
netherland antilles;XAN
netherland antilles and aruba;ANT
Netherlands;NLD
Netherlands Antilles;ANT
NETHLAND;NLD
Neukaledonien;NCL
NeuSeeland;NZL
New Caledon;NCL
New Caledonia;NCL
New Zealand;NZL
New_Caledonia;NCL
New_Zealand;NZL
NF;NFK
NG;NGA
NI;NIC
Nicaragua;NIC
niederlande;NLD
Niger;NER
Nigeria;NGA
Niue;NIU
NL;NLD
NL Antilles and Aruba;ANT
NO;NOR
Norfolk Is;NFK
Norfolk Island;NFK
North Korea;PRK
North Macedonia;MKD
North_Korea;PRK
Northern Mariana Islands;MNP
Northern_Mariana_Islands;MNP
NORTHMACED;MKD
Norway;NOR
Norwegen;NOR
NP;NPL
NR;NRU
Nth Mariana Is;MNP
NU;NIU
NZ;NZL
Occupied Palastine Territory;PSE
Occupied Palestinian Territory;PSE
Palestinian Territory, Occupied;PSE
Oesterreich;AUT
OM;OMN
Oman;OMN
osterreich;AUT
Österreich;AUT
Other Africa;IAF
Other Asia;IAS
Other Non-OECD Americas;ILA
Other non-OECD Asia;IAS
OTHERAFRIC;IAF
OTHERASIA;IAS
OTHERLATIN;ILA
Others Africa;XOA
Others East Asia;XEA
Others Latin America and the Caribbean;XAC
Others Oceania;XOO
Others West Asia;XWA
PA;PAN
pacific islands (palau);XXX
Pakistan;PAK
palastina;PSE
palästina;PSE
Palau;PLW
Palestine;PSE
Palestine, State of;PSE
Panama;PAN
Papua N Guin;PNG
Papua New Guinea;PNG
Papua_New_Guinea;PNG
papua-neuguinea;PNG
PapuaNeuGuinea;PNG
Paraguay;PRY
PE;PER
peninsular malaysia;XXX
People's Republic of China;CHN
Peru;PER
PF;PYF
PG;PNG
PH;PHL
PHILIPPINE;PHL
philippinen;PHL
Philippines;PHL
Pitcairn;PCN
Pitcairn Islands;PCN
Pitcairn_Islands;PCN
PK;PAK
PL;POL
plurinational state of bolivia;BOL
PM;SPM
PN;PCN
Poland;POL
polen;POL
Polynesia;PYF
Portugal;PRT
PR;PRI
PS;PSE
PT;PRT
Puerto Rico;PRI
Puerto_Rico;PRI
PW;PLW
PY;PRY
QA;QAT
Qatar;QAT
RE;REU
Rep,Kongo;COG
Rep. of North Macedonia;MKD
republic of cameroon;CMR
Republic of Congo;COG
Republic of Korea;KOR
Republic of Moldova;MDA
Republic of North Macedonia;MKD
republic of south sudan;SSD
republic of south vietnam;XXX
republic of sudan;XXX
Republic of the Congo;COG
Reunion;REU
Réunion;REU
rhodesia-nyasaland;XXX
RO;ROU
Romania;ROU
Romenien;ROU
RS;SRB
RU;RUS
ruanda;RWA
rumanien;ROU
rumänien;ROU
Russia;RUS
Russian Fed;RUS
Russian Federation;RUS
russische foderation;RUS
russische föderation;RUS
Russland;RUS
RW;RWA
Rwanda;RWA
rwanda-urundi;XXX
ryukyu islands;XXX
SA;SAU
sabah;XXX
Saint Barthelemy;BLM
Saint Barthélemy;BLM
saint helena;SHN
Saint Helena, Ascension and Tristan da Cunha;SHN
Saint Kitts and Nevis;KNA
Saint Lucia;LCA
saint martin (dutch portion);SXM
Saint Martin (French part);MAF
Saint Pierre and Miquelon;SPM
Saint Vincent and the Grenadines;VCT
Saint Vincent and Grenadines;VCT
Sambia;ZMB
Samoa;WSM
Samoa (Western);WSM
San Marino;SMR
Santa Lucia;LCA
sao tome & principe;STP
Sao Tome and Principe;STP
Sao Tome Prn;STP
sao tome und principe;STP
são tomé und príncipe;STP
Sao_Tome_and_Principe;STP
sarawak;XXX
Saudi Arabia;SAU
Saudi_Arabia;SAU
saudi-arabien;SAU
SAUDIARABI;SAU
SB;SLB
SC;SYC
Schweden;SWE
Schweiz;CHE
SD;SDN
SE;SWE
Senegal;SEN
Serbia;SRB
Serbia & Montenegro;SCG
Serbia and Montenegro;SCG
serbien;SRB
seychellen;SYC
Seychelles;SYC
SG;SGP
SH;SHN
SI;SVN
Sierra Leone;SLE
Sierra_Leone;SLE
simbabwe;ZWE
Singapore;SGP
Sint Maarten (Dutch part);SXM
SJ;SJM
SK;SVK
SL;SLE
Slovak Rep.;SVK
Slovak Republic;SVK
Slovakia;SVK
Slovenia;SVN
slowakei;SVK
slowenien;SVN
SM;SMR
SN;SEN
SO;SOM
Solomon Is;SLB
Solomon Islands;SLB
Solomon_Islands;SLB
Somalia;SOM
South Africa;ZAF
South Georgia and the South Sandwich Islands;SGS
South Korea;KOR
South Sudan;SSD
South_Africa;ZAF
South_Georgia_and_the_South_Sandwich_Islands;SGS
South_Korea;KOR
SOUTHAFRIC;ZAF
Spain;ESP
Spanien;ESP
SR;SUR
Sri Lanka;LKA
Sri_Lanka;LKA
Sri-lanka;LKA
SRILANKA;LKA
SS;SSD
SSUDAN;SSD
ST;STP
St Barth;BLM
St Kitts Nevis;KNA
st kitts-nevis;KNA
st kitts-nevis-anguilla;XXX
St Lucia;LCA
St Maarten;SXM
St Martin;MAF
st pierre & miquelon;SPM
St Pierre Mq;SPM
st vincent & the grenadines;VCT
St Vincent and Grenadines;VCT
St Vincent Gren;VCT
St_Vincent_and_the_Grenadines;VCT
sudafrika;ZAF
Südafrika;ZAF
Sudan;SDN
Suedafrika;ZAF
Suriname;SUR
SV;SLV
Svalbard;SJM
Svalbard and Jan Mayen;SJM
Svalbard and Jan Mayen Islands;SJM
Swasiland;SWZ
Swaziland;SWZ
Sweden;SWE
SWITLAND;CHE
Switzerland;CHE
SX;SXM
SY;SYR
Syria;SYR
Syria (Arab Republic);SYR
Syrian AR;SYR
Syrian Arab Republic;SYR
Syrian Arab Republic (Syria);SYR
syrien, arabische republik;SYR
SZ;SWZ
Tadschikistan;TJK
TAIPEI;TWN
Taiwan;TWN
Taiwan  China;TWN
Taiwan (China);TWN
Taiwan China;TWN
Taiwan, Province of China;TWN
Tajikistan;TJK
tanganyika;XXX
tansania, vereinigte republik;TZA
Tanzania;TZA
Tanzania_United_Republic_of;TZA
Tanzania, United Republic of;TZA
TC;TCA
TD;TCD
TF;ATF
TFYR Macedonia;MKD
TG;TGO
TH;THA
Thailand;THA
The former Yugoslav Rep. of Macedonia;MKD
The former Yugoslav Republic of Macedonia;MKD
The Gambia;GMB
Timor Leste;TLS
Timor-Leste;TLS
timor-leste (formerly east timor);TLS
TJ;TJK
TK;TKL
TL;TLS
TM;TKM
TN;TUN
TO;TON
Togo;TGO
Tokelau;TKL
Tonga;TON
TR;TUR
TRINIDAD;TTO
Trinidad & Tobago;TTO
Trinidad and Tobago;TTO
Trinidad Tobago;TTO
trinidad und tobago;TTO
Trinidad_and_Tobago;TTO
tschad;TCD
tschechische republik;CZE
TT;TTO
Tuerkei;TUR
tunesien;TUN
Tunisia;TUN
turkei;TUR
Türkei;TUR
Türkiye;TUR
Turkey;TUR
Turkiye;TUR
TURKMENIST;TKM
Turkmenistan;TKM
Turks and Caicos Islands;TCA
Turks Caicos;TCA
Tuvalu;TUV
TV;TUV
TW;TWN
TZ;TZA
UA;UKR
UAE;ARE
UG;UGA
Uganda;UGA
UK;GBR
Ukraine;UKR
UM;UMI
ungarn;HUN
United Arab Em;ARE
United Arab Emirates;ARE
United Kingdom;GBR
United Kingdom of Great Britain and Northern Ireland;GBR
united korea;XXX
United Republic of Tanzania;TZA
United States;USA
United States Minor Outlying Islands;UMI
United States of America;USA
United States Virgin Islands;VIR
United_Arab_Emirates;ARE
United_Kingdom;GBR
United_States;USA
Uruguay;URY
US;USA
US Virgin Is;VIR
US Virgin Islands;VIR
USA;USA
Usbekistan;UZB
ussr;SUN
USSR;SUN
UY;URY
UZ;UZB
Uzbekistan;UZB
VA;VAT
Vanuatu;VUT
VC;VCT
VE;VEN
Venezuela;VEN
Venezuela (Bolivarian Republic of);VEN
Venezuela, Bolivarian Republic of;VEN
venezuela, bolivarische republik;VEN
Venzuela;VEN
vereinigte arabische emirate;ARE
vereinigte staaten;USA
vereinigtes konigreich;GBR
vereinigtes königreich;GBR
VG;VGB
VI;VIR
Viet Nam;VNM
Vietnam;VNM
Virgin Islands, British;VGB
Virgin Islands, U.S.;VIR
Virgin Islands, US;VIR
Virgin_Islands;VIR
Virgin Islands (U_S_);VIR
VN;VNM
Volkrep,China;CHN
VU;VUT
Wake_Islands;WAK
Wallis and Futuna;WLF
wallis and futuna islands;WLF
Wallis and Futuna Islands;WLF
Wallis Fut Is;WLF
weissrussland;BLR
weißrussland;BLR
West_Bank;PSE
Western Sahara;ESH
Western_Sahara;ESH
Western_Samoa;WSM
Westn Sahara;ESH
westsahara;ESH
WF;WLF
WS;WSM
YE;YEM
Yemen;YEM
YT;MYT
YUGOND;YUG
Yugoslav SFR;YUG
Yugoslavia;YUG
yugoslavia (former socialist federal republic);YUG
Yugoslavia (former);YUG
yugoslavia (montenegro & serbia);SCG
ZA;ZAF
Zaire_DR_Congo;COD
Zambia;ZMB
zanzibar;XXX
Zentralafrikanische Republik;CAF
Zimbabwe;ZWE
ZM;ZMB
ZW;ZWE
zypern;CYP

